Workbook
Name lstAcciones: PARAMETROS!$E$2:$E$8
Name lstEstadoDoc: PARAMETROS!$C$2:$C$5
Name lstEstadosEntrevista: PARAMETROS!$G$2:$G$6
Name lstEstadosVacante: PARAMETROS!$I$2:$I$5
Name lstEtapas: PARAMETROS!$A$2:$A$10
Name lstIDsVacante: VACANTES!$A$2:$A$100
Name lstPortales: PARAMETROS!$D$2:$D$7
Name lstResultadosContacto: PARAMETROS!$B$2:$B$9

Sheet PARAMETROS
A1: lst_Etapa | B1: lst_ResultadoContacto | C1: lst_EstadoDoc | D1: lst_Portales | E1: lst_AccionRequerida | G1: lst_EstadoEntrevista | I1: lst_EstadoVacante
A2: Recibido | B2: Contactado - Interesado | C2: Completa | D2: Trabajando.cl | E2: Llamar de nuevo | G2: No aplica | I2: Abierta
A3: Contacto Pendiente | B3: Contactado - No Interesado | C3: Pendiente Crítica | D3: Laborum | E3: Revisar antecedentes | G3: Pendiente de confirmación | I3: En Proceso
A4: Filtro Telefónico | B4: No Contesta (Intento 1) | C4: Pendiente Parcial | D4: LinkedIn | E4: Coordinar entrevista | G4: Confirmada | I4: Cubierta
A5: Entrevista Coordinada | B5: No Contesta (Intento 2) | C5: N/A | D5: Computrabajo | E5: Enviar prueba técnica | G5: Realizada | I5: Cancelada
A6: En Evaluación | B6: No Contesta (Intento 3 - Final) | D6: Redes Sociales | E6: Esperar respuesta | G6: Cancelada
A7: Seleccionado | B7: Buzón de Voz | D7: Referido | E7: Solicitar documentos | G7: • Datos 100% sintéticos, de demostración.
A8: Contratado | B8: Datos Erróneos | G8: Control de entrevistas: complete Estado_Entrevista cuando corresponda. Las entrevistas pasadas sin resultado se muestran en el control del dashboard.
A9: Descartado | G9: Los IDs deben ser únicos. Use datos sintéticos en este prototipo; no ingrese datos personales reales.
A10: Retirado | G10: Versión auditada: tablas estructuradas en VACANTES y CANDIDATOS; fechas DD/MM/AAAA; validaciones y alertas de duplicados.
G11: Limitación: el libro registra la próxima acción por candidatura; no mantiene historial completo de llamadas/tareas.
G12: La columna Estado_Entrevista diferencia entrevistas pendientes de confirmación, confirmadas, realizadas y canceladas.
A13: GLOSARIO TÉCNICO | G13: El control de entrevistas pasadas se actualiza según HOY(); revisar el resultado y cambiar el estado a Realizada o Cancelada cuando corresponda.
A15: Etapa_Actual (hoja CANDIDATOS)
A16: Etapa | B16: Significado
A17: Recibido | B17: Postulación ingresada al sistema; todavía no se ha contactado a la persona.
A18: Contacto Pendiente | B18: Hay que contactar a la persona o se están haciendo intentos de contacto sin una respuesta definitiva.
A19: Filtro Telefónico | B19: Contacto logrado; se realiza una entrevista telefónica breve para validar interés, expectativas y requisitos básicos.
A20: Entrevista Coordinada | B20: Se acordó fecha y hora de entrevista con el reclutador o la jefatura; queda registrada en Fecha_Entrevista.
A21: En Evaluación | B21: Entrevista realizada; se evalúa a la persona (pruebas, referencias, comparación con otros postulantes).
A22: Seleccionado | B22: Persona elegida para el cargo; quedan pendientes la oferta, los documentos y la aceptación.
A23: Contratado | B23: Aceptó la oferta y se incorporó. Cierra el proceso para esa persona.
A24: Descartado | B24: No continúa en el proceso por decisión de la empresa (no cumple el perfil o se eligió a otra persona).
A25: Retirado | B25: No continúa por decisión propia de la persona (desiste, acepta otra oferta u otro motivo).
A27: Estado_Accion (semáforo de control, hoja CANDIDATOS)
A28: Estado | B28: Significado
A29: VENCIDO | B29: La Fecha_Proxima_Accion ya pasó y el caso sigue abierto. Requiere atención inmediata (fila en rojo).
A30: HOY | B30: La próxima acción está programada para hoy (fila en amarillo).
A31: En Plazo | B31: La próxima acción tiene fecha futura. Sin alerta.
A32: Sin Fecha Programada | B32: Caso abierto sin fecha de próxima acción. Se debe asignar una fecha.
A33: Cerrado | B33: Sin acciones pendientes: la etapa es Contratado, Descartado o Retirado, o el resultado de contacto es 'No Contesta (Intento 3 - Final)' o 'Datos Erróneos'. No genera alertas (fila en gris).

Sheet VACANTES
A1: ID_Vacante | B1: Nombre_Cargo | C1: Area_Cliente | D1: Fecha_Apertura | E1: Portal_Principal | F1: Estado_Vacante | G1: Candidatos_Asociados | H1: Dias_Abierta | I1: Fecha_Cierre
A2: VAC-001 | B2: Operador Logístico | C2: Centro de Distribución Lo Aguirre | D2: 46296 | E2: Trabajando.cl | F2: Abierta | G2: =IF(A2="","",COUNTIF(CANDIDATOS!$B$2:$B$1000,A2)) -> 4 | H2: =IF(OR(A2="",D2=""),"",IF(F2="Cancelada","Cancelada",IF(F2="Cubierta",IF(I2="","Revisar fecha cierre",MAX(0,I2-D2)),TODAY()-D2))) -> 15
A3: VAC-002 | B3: Administrativo de Cuentas | C3: Finanzas – Cuentas por Pagar | D3: 46286 | E3: Laborum | F3: En Proceso | G3: =IF(A3="","",COUNTIF(CANDIDATOS!$B$2:$B$1000,A3)) -> 4 | H3: =IF(OR(A3="",D3=""),"",IF(F3="Cancelada","Cancelada",IF(F3="Cubierta",IF(I3="","Revisar fecha cierre",MAX(0,I3-D3)),TODAY()-D3))) -> 25
A4: VAC-003 | B4: Ejecutivo Back Office | C4: Operaciones Comerciales | D4: 46293 | E4: LinkedIn | F4: En Proceso | G4: =IF(A4="","",COUNTIF(CANDIDATOS!$B$2:$B$1000,A4)) -> 4 | H4: =IF(OR(A4="",D4=""),"",IF(F4="Cancelada","Cancelada",IF(F4="Cubierta",IF(I4="","Revisar fecha cierre",MAX(0,I4-D4)),TODAY()-D4))) -> 18
A5: VAC-004 | B5: Ejecutivo de Atención al Cliente | C5: Servicio al Cliente | D5: 46300 | E5: Computrabajo | F5: Abierta | G5: =IF(A5="","",COUNTIF(CANDIDATOS!$B$2:$B$1000,A5)) -> 4 | H5: =IF(OR(A5="",D5=""),"",IF(F5="Cancelada","Cancelada",IF(F5="Cubierta",IF(I5="","Revisar fecha cierre",MAX(0,I5-D5)),TODAY()-D5))) -> 11
A6: VAC-005 | B6: Analista de Remuneraciones | C6: Recursos Humanos | D6: 46273 | E6: LinkedIn | F6: Cubierta | G6: =IF(A6="","",COUNTIF(CANDIDATOS!$B$2:$B$1000,A6)) -> 2 | H6: =IF(OR(A6="",D6=""),"",IF(F6="Cancelada","Cancelada",IF(F6="Cubierta",IF(I6="","Revisar fecha cierre",MAX(0,I6-D6)),TODAY()-D6))) -> 34 | I6: 46307
G7: =IF(A7="","",COUNTIF(CANDIDATOS!$B$2:$B$1000,A7)) | H7: =IF(OR(A7="",D7=""),"",IF(F7="Cancelada","Cancelada",IF(F7="Cubierta",IF(I7="","Revisar fecha cierre",MAX(0,I7-D7)),TODAY()-D7)))
G8: =IF(A8="","",COUNTIF(CANDIDATOS!$B$2:$B$1000,A8)) | H8: =IF(OR(A8="",D8=""),"",IF(F8="Cancelada","Cancelada",IF(F8="Cubierta",IF(I8="","Revisar fecha cierre",MAX(0,I8-D8)),TODAY()-D8)))
G9: =IF(A9="","",COUNTIF(CANDIDATOS!$B$2:$B$1000,A9)) | H9: =IF(OR(A9="",D9=""),"",IF(F9="Cancelada","Cancelada",IF(F9="Cubierta",IF(I9="","Revisar fecha cierre",MAX(0,I9-D9)),TODAY()-D9)))
G10: =IF(A10="","",COUNTIF(CANDIDATOS!$B$2:$B$1000,A10)) | H10: =IF(OR(A10="",D10=""),"",IF(F10="Cancelada","Cancelada",IF(F10="Cubierta",IF(I10="","Revisar fecha cierre",MAX(0,I10-D10)),TODAY()-D10)))
G11: =IF(A11="","",COUNTIF(CANDIDATOS!$B$2:$B$1000,A11)) | H11: =IF(OR(A11="",D11=""),"",IF(F11="Cancelada","Cancelada",IF(F11="Cubierta",IF(I11="","Revisar fecha cierre",MAX(0,I11-D11)),TODAY()-D11)))
G12: =IF(A12="","",COUNTIF(CANDIDATOS!$B$2:$B$1000,A12)) | H12: =IF(OR(A12="",D12=""),"",IF(F12="Cancelada","Cancelada",IF(F12="Cubierta",IF(I12="","Revisar fecha cierre",MAX(0,I12-D12)),TODAY()-D12)))
G13: =IF(A13="","",COUNTIF(CANDIDATOS!$B$2:$B$1000,A13)) | H13: =IF(OR(A13="",D13=""),"",IF(F13="Cancelada","Cancelada",IF(F13="Cubierta",IF(I13="","Revisar fecha cierre",MAX(0,I13-D13)),TODAY()-D13)))
G14: =IF(A14="","",COUNTIF(CANDIDATOS!$B$2:$B$1000,A14)) | H14: =IF(OR(A14="",D14=""),"",IF(F14="Cancelada","Cancelada",IF(F14="Cubierta",IF(I14="","Revisar fecha cierre",MAX(0,I14-D14)),TODAY()-D14)))
G15: =IF(A15="","",COUNTIF(CANDIDATOS!$B$2:$B$1000,A15)) | H15: =IF(OR(A15="",D15=""),"",IF(F15="Cancelada","Cancelada",IF(F15="Cubierta",IF(I15="","Revisar fecha cierre",MAX(0,I15-D15)),TODAY()-D15)))
G16: =IF(A16="","",COUNTIF(CANDIDATOS!$B$2:$B$1000,A16)) | H16: =IF(OR(A16="",D16=""),"",IF(F16="Cancelada","Cancelada",IF(F16="Cubierta",IF(I16="","Revisar fecha cierre",MAX(0,I16-D16)),TODAY()-D16)))
G17: =IF(A17="","",COUNTIF(CANDIDATOS!$B$2:$B$1000,A17)) | H17: =IF(OR(A17="",D17=""),"",IF(F17="Cancelada","Cancelada",IF(F17="Cubierta",IF(I17="","Revisar fecha cierre",MAX(0,I17-D17)),TODAY()-D17)))
G18: =IF(A18="","",COUNTIF(CANDIDATOS!$B$2:$B$1000,A18)) | H18: =IF(OR(A18="",D18=""),"",IF(F18="Cancelada","Cancelada",IF(F18="Cubierta",IF(I18="","Revisar fecha cierre",MAX(0,I18-D18)),TODAY()-D18)))
... G100: =IF(A100="","",COUNTIF(CANDIDATOS!$B$2:$B$1000,A100)) | H100: =IF(OR(A100="",D100=""),"",IF(F100="Cancelada","Cancelada",IF(F100="Cubierta",IF(I100="","Revisar fecha cierre",MAX(0,I100-D100)),TODAY()-D100)))

Sheet CANDIDATOS
A1: ID_Candidato | B1: ID_Vacante | C1: Fuente | D1: Fecha_Ingreso | E1: Etapa_Actual | F1: Fecha_Ultimo_Contacto | G1: Resultado_Contacto | H1: Fecha_Entrevista | I1: Estado_Doc | J1: Accion_Requerida | K1: Fecha_Proxima_Accion | L1: Estado_Accion | M1: Estado_Entrevista
A2: CND-001 | B2: VAC-001 | C2: Trabajando.cl | D2: 46308 | E2: Recibido | I2: Pendiente Parcial | J2: Revisar antecedentes | K2: =TODAY()+2 -> 46313 | L2: =IF(A2="","",IF(OR(E2="Contratado",E2="Descartado",E2="Retirado",G2="No Contesta (Intento 3 - Final)",G2="Datos Erróneos"),"Cerrado",IF(K2="","Sin Fecha Programada",IF(K2<TODAY(),"VENCIDO",IF(K2=TODAY(),"HOY","En Plazo"))))) -> En Plazo | M2: No aplica
A3: CND-002 | B3: VAC-001 | C3: Laborum | D3: 46301 | E3: Filtro Telefónico | F3: 46307 | G3: Contactado - Interesado | I3: Pendiente Parcial | J3: Llamar de nuevo | K3: =TODAY()-3 -> 46308 | L3: =IF(A3="","",IF(OR(E3="Contratado",E3="Descartado",E3="Retirado",G3="No Contesta (Intento 3 - Final)",G3="Datos Erróneos"),"Cerrado",IF(K3="","Sin Fecha Programada",IF(K3<TODAY(),"VENCIDO",IF(K3=TODAY(),"HOY","En Plazo"))))) -> VENCIDO | M3: No aplica
A4: CND-003 | B4: VAC-002 | C4: LinkedIn | D4: 46296 | E4: Descartado | F4: 46302 | G4: Contactado - No Interesado | I4: N/A | K4: =TODAY()-6 -> 46305 | L4: =IF(A4="","",IF(OR(E4="Contratado",E4="Descartado",E4="Retirado",G4="No Contesta (Intento 3 - Final)",G4="Datos Erróneos"),"Cerrado",IF(K4="","Sin Fecha Programada",IF(K4<TODAY(),"VENCIDO",IF(K4=TODAY(),"HOY","En Plazo"))))) -> Cerrado | M4: No aplica
A5: CND-004 | B5: VAC-002 | C5: Computrabajo | D5: 46295 | E5: Entrevista Coordinada | F5: 46308 | G5: Contactado - Interesado | H5: =TODAY()+4 -> 46315 | I5: Completa | J5: Coordinar entrevista | K5: =TODAY()+3 -> 46314 | L5: =IF(A5="","",IF(OR(E5="Contratado",E5="Descartado",E5="Retirado",G5="No Contesta (Intento 3 - Final)",G5="Datos Erróneos"),"Cerrado",IF(K5="","Sin Fecha Programada",IF(K5<TODAY(),"VENCIDO",IF(K5=TODAY(),"HOY","En Plazo"))))) -> En Plazo | M5: Pendiente de confirmación
A6: CND-005 | B6: VAC-003 | C6: Referido | D6: 46297 | E6: En Evaluación | F6: 46309 | G6: Contactado - Interesado | H6: 46304 | I6: Pendiente Crítica | J6: Solicitar documentos | K6: =TODAY()+5 -> 46316 | L6: =IF(A6="","",IF(OR(E6="Contratado",E6="Descartado",E6="Retirado",G6="No Contesta (Intento 3 - Final)",G6="Datos Erróneos"),"Cerrado",IF(K6="","Sin Fecha Programada",IF(K6<TODAY(),"VENCIDO",IF(K6=TODAY(),"HOY","En Plazo"))))) -> En Plazo | M6: Realizada
A7: CND-006 | B7: VAC-003 | C7: Laborum | D7: 46303 | E7: Contacto Pendiente | F7: 46309 | G7: No Contesta (Intento 1) | I7: Pendiente Parcial | J7: Llamar de nuevo | K7: =TODAY() -> 46311 | L7: =IF(A7="","",IF(OR(E7="Contratado",E7="Descartado",E7="Retirado",G7="No Contesta (Intento 3 - Final)",G7="Datos Erróneos"),"Cerrado",IF(K7="","Sin Fecha Programada",IF(K7<TODAY(),"VENCIDO",IF(K7=TODAY(),"HOY","En Plazo"))))) -> HOY | M7: No aplica
A8: CND-007 | B8: VAC-004 | C8: Redes Sociales | D8: 46304 | E8: Contacto Pendiente | F8: 46308 | G8: No Contesta (Intento 2) | I8: Pendiente Parcial | J8: Llamar de nuevo | L8: =IF(A8="","",IF(OR(E8="Contratado",E8="Descartado",E8="Retirado",G8="No Contesta (Intento 3 - Final)",G8="Datos Erróneos"),"Cerrado",IF(K8="","Sin Fecha Programada",IF(K8<TODAY(),"VENCIDO",IF(K8=TODAY(),"HOY","En Plazo"))))) -> Sin Fecha Programada | M8: No aplica
A9: CND-008 | B9: VAC-004 | C9: Trabajando.cl | D9: 46300 | E9: Filtro Telefónico | F9: 46309 | G9: Contactado - Interesado | I9: Completa | J9: Enviar prueba técnica | K9: =TODAY()+1 -> 46312 | L9: =IF(A9="","",IF(OR(E9="Contratado",E9="Descartado",E9="Retirado",G9="No Contesta (Intento 3 - Final)",G9="Datos Erróneos"),"Cerrado",IF(K9="","Sin Fecha Programada",IF(K9<TODAY(),"VENCIDO",IF(K9=TODAY(),"HOY","En Plazo"))))) -> En Plazo | M9: No aplica
A10: CND-009 | B10: VAC-005 | C10: LinkedIn | D10: 46280 | E10: Contratado | F10: 46305 | G10: Contactado - Interesado | H10: 46290 | I10: Completa | L10: =IF(A10="","",IF(OR(E10="Contratado",E10="Descartado",E10="Retirado",G10="No Contesta (Intento 3 - Final)",G10="Datos Erróneos"),"Cerrado",IF(K10="","Sin Fecha Programada",IF(K10<TODAY(),"VENCIDO",IF(K10=TODAY(),"HOY","En Plazo"))))) -> Cerrado | M10: Realizada
A11: CND-010 | B11: VAC-005 | C11: Computrabajo | D11: 46281 | E11: Descartado | F11: 46293 | G11: Contactado - No Interesado | I11: N/A | L11: =IF(A11="","",IF(OR(E11="Contratado",E11="Descartado",E11="Retirado",G11="No Contesta (Intento 3 - Final)",G11="Datos Erróneos"),"Cerrado",IF(K11="","Sin Fecha Programada",IF(K11<TODAY(),"VENCIDO",IF(K11=TODAY(),"HOY","En Plazo"))))) -> Cerrado | M11: No aplica
A12: CND-011 | B12: VAC-001 | C12: Computrabajo | D12: 46305 | E12: Contacto Pendiente | F12: 46307 | G12: Buzón de Voz | I12: Pendiente Parcial | J12: Llamar de nuevo | K12: =TODAY()-1 -> 46310 | L12: =IF(A12="","",IF(OR(E12="Contratado",E12="Descartado",E12="Retirado",G12="No Contesta (Intento 3 - Final)",G12="Datos Erróneos"),"Cerrado",IF(K12="","Sin Fecha Programada",IF(K12<TODAY(),"VENCIDO",IF(K12=TODAY(),"HOY","En Plazo"))))) -> VENCIDO | M12: No aplica
A13: CND-012 | B13: VAC-002 | C13: Referido | D13: 46298 | E13: Seleccionado | F13: 46309 | G13: Contactado - Interesado | H13: 46303 | I13: Pendiente Crítica | J13: Solicitar documentos | K13: =TODAY()+2 -> 46313 | L13: =IF(A13="","",IF(OR(E13="Contratado",E13="Descartado",E13="Retirado",G13="No Contesta (Intento 3 - Final)",G13="Datos Erróneos"),"Cerrado",IF(K13="","Sin Fecha Programada",IF(K13<TODAY(),"VENCIDO",IF(K13=TODAY(),"HOY","En Plazo"))))) -> En Plazo | M13: Realizada
A14: CND-013 | B14: VAC-003 | C14: Redes Sociales | D14: 46302 | E14: Retirado | F14: 46308 | G14: Contactado - No Interesado | I14: N/A | L14: =IF(A14="","",IF(OR(E14="Contratado",E14="Descartado",E14="Retirado",G14="No Contesta (Intento 3 - Final)",G14="Datos Erróneos"),"Cerrado",IF(K14="","Sin Fecha Programada",IF(K14<TODAY(),"VENCIDO",IF(K14=TODAY(),"HOY","En Plazo"))))) -> Cerrado | M14: No aplica
A15: CND-014 | B15: VAC-004 | C15: Laborum | D15: 46299 | E15: Entrevista Coordinada | F15: 46309 | G15: Contactado - Interesado | H15: =TODAY()+6 -> 46317 | I15: Completa | J15: Coordinar entrevista | K15: =TODAY()+5 -> 46316 | L15: =IF(A15="","",IF(OR(E15="Contratado",E15="Descartado",E15="Retirado",G15="No Contesta (Intento 3 - Final)",G15="Datos Erróneos"),"Cerrado",IF(K15="","Sin Fecha Programada",IF(K15<TODAY(),"VENCIDO",IF(K15=TODAY(),"HOY","En Plazo"))))) -> En Plazo | M15: Confirmada
A16: CND-015 | B16: VAC-001 | C16: Trabajando.cl | D16: 46307 | E16: Recibido | I16: Pendiente Parcial | J16: Revisar antecedentes | K16: =TODAY()+1 -> 46312 | L16: =IF(A16="","",IF(OR(E16="Contratado",E16="Descartado",E16="Retirado",G16="No Contesta (Intento 3 - Final)",G16="Datos Erróneos"),"Cerrado",IF(K16="","Sin Fecha Programada",IF(K16<TODAY(),"VENCIDO",IF(K16=TODAY(),"HOY","En Plazo"))))) -> En Plazo | M16: No aplica
A17: CND-016 | B17: VAC-004 | C17: Laborum | D17: 46297 | E17: Contacto Pendiente | F17: 46309 | G17: No Contesta (Intento 3 - Final) | I17: N/A | J17: Llamar de nuevo | K17: =TODAY()-2 -> 46309 | L17: =IF(A17="","",IF(OR(E17="Contratado",E17="Descartado",E17="Retirado",G17="No Contesta (Intento 3 - Final)",G17="Datos Erróneos"),"Cerrado",IF(K17="","Sin Fecha Programada",IF(K17<TODAY(),"VENCIDO",IF(K17=TODAY(),"HOY","En Plazo"))))) -> Cerrado | M17: No aplica
A18: CND-017 | B18: VAC-003 | C18: LinkedIn | D18: 46301 | E18: Contacto Pendiente | F18: 46308 | G18: Datos Erróneos | I18: N/A | J18: Revisar antecedentes | K18: =TODAY()-4 -> 46307 | L18: =IF(A18="","",IF(OR(E18="Contratado",E18="Descartado",E18="Retirado",G18="No Contesta (Intento 3 - Final)",G18="Datos Erróneos"),"Cerrado",IF(K18="","Sin Fecha Programada",IF(K18<TODAY(),"VENCIDO",IF(K18=TODAY(),"HOY","En Plazo"))))) -> Cerrado | M18: No aplica
A19: CND-018 | B19: VAC-002 | C19: Trabajando.cl | E19: Entrevista Coordinada | G19: Contactado - Interesado | H19: =TODAY()-1 -> 46310 | I19: Completa | J19: Confirmar resultado entrevista | K19: =TODAY()+1 -> 46312 | L19: =IF(A19="","",IF(OR(E19="Contratado",E19="Descartado",E19="Retirado",G19="No Contesta (Intento 3 - Final)",G19="Datos Erróneos"),"Cerrado",IF(K19="","Sin Fecha Programada",IF(K19<TODAY(),"VENCIDO",IF(K19=TODAY(),"HOY","En Plazo"))))) -> En Plazo | M19: Pendiente de confirmación
L20: =IF(A20="","",IF(OR(E20="Contratado",E20="Descartado",E20="Retirado",G20="No Contesta (Intento 3 - Final)",G20="Datos Erróneos"),"Cerrado",IF(K20="","Sin Fecha Programada",IF(K20<TODAY(),"VENCIDO",IF(K20=TODAY(),"HOY","En Plazo")))))
L21: =IF(A21="","",IF(OR(E21="Contratado",E21="Descartado",E21="Retirado",G21="No Contesta (Intento 3 - Final)",G21="Datos Erróneos"),"Cerrado",IF(K21="","Sin Fecha Programada",IF(K21<TODAY(),"VENCIDO",IF(K21=TODAY(),"HOY","En Plazo")))))
L22: =IF(A22="","",IF(OR(E22="Contratado",E22="Descartado",E22="Retirado",G22="No Contesta (Intento 3 - Final)",G22="Datos Erróneos"),"Cerrado",IF(K22="","Sin Fecha Programada",IF(K22<TODAY(),"VENCIDO",IF(K22=TODAY(),"HOY","En Plazo")))))
L23: =IF(A23="","",IF(OR(E23="Contratado",E23="Descartado",E23="Retirado",G23="No Contesta (Intento 3 - Final)",G23="Datos Erróneos"),"Cerrado",IF(K23="","Sin Fecha Programada",IF(K23<TODAY(),"VENCIDO",IF(K23=TODAY(),"HOY","En Plazo")))))
L24: =IF(A24="","",IF(OR(E24="Contratado",E24="Descartado",E24="Retirado",G24="No Contesta (Intento 3 - Final)",G24="Datos Erróneos"),"Cerrado",IF(K24="","Sin Fecha Programada",IF(K24<TODAY(),"VENCIDO",IF(K24=TODAY(),"HOY","En Plazo")))))
L25: =IF(A25="","",IF(OR(E25="Contratado",E25="Descartado",E25="Retirado",G25="No Contesta (Intento 3 - Final)",G25="Datos Erróneos"),"Cerrado",IF(K25="","Sin Fecha Programada",IF(K25<TODAY(),"VENCIDO",IF(K25=TODAY(),"HOY","En Plazo")))))
L26: =IF(A26="","",IF(OR(E26="Contratado",E26="Descartado",E26="Retirado",G26="No Contesta (Intento 3 - Final)",G26="Datos Erróneos"),"Cerrado",IF(K26="","Sin Fecha Programada",IF(K26<TODAY(),"VENCIDO",IF(K26=TODAY(),"HOY","En Plazo")))))
L27: =IF(A27="","",IF(OR(E27="Contratado",E27="Descartado",E27="Retirado",G27="No Contesta (Intento 3 - Final)",G27="Datos Erróneos"),"Cerrado",IF(K27="","Sin Fecha Programada",IF(K27<TODAY(),"VENCIDO",IF(K27=TODAY(),"HOY","En Plazo")))))
L28: =IF(A28="","",IF(OR(E28="Contratado",E28="Descartado",E28="Retirado",G28="No Contesta (Intento 3 - Final)",G28="Datos Erróneos"),"Cerrado",IF(K28="","Sin Fecha Programada",IF(K28<TODAY(),"VENCIDO",IF(K28=TODAY(),"HOY","En Plazo")))))
L29: =IF(A29="","",IF(OR(E29="Contratado",E29="Descartado",E29="Retirado",G29="No Contesta (Intento 3 - Final)",G29="Datos Erróneos"),"Cerrado",IF(K29="","Sin Fecha Programada",IF(K29<TODAY(),"VENCIDO",IF(K29=TODAY(),"HOY","En Plazo")))))
L30: =IF(A30="","",IF(OR(E30="Contratado",E30="Descartado",E30="Retirado",G30="No Contesta (Intento 3 - Final)",G30="Datos Erróneos"),"Cerrado",IF(K30="","Sin Fecha Programada",IF(K30<TODAY(),"VENCIDO",IF(K30=TODAY(),"HOY","En Plazo")))))
L31: =IF(A31="","",IF(OR(E31="Contratado",E31="Descartado",E31="Retirado",G31="No Contesta (Intento 3 - Final)",G31="Datos Erróneos"),"Cerrado",IF(K31="","Sin Fecha Programada",IF(K31<TODAY(),"VENCIDO",IF(K31=TODAY(),"HOY","En Plazo")))))
... L1000: =IF(A1000="","",IF(OR(E1000="Contratado",E1000="Descartado",E1000="Retirado",G1000="No Contesta (Intento 3 - Final)",G1000="Datos Erróneos"),"Cerrado",IF(K1000="","Sin Fecha Programada",IF(K1000<TODAY(),"VENCIDO",IF(K1000=TODAY(),"HOY","En Plazo")))))

Sheet DASHBOARD
B2: Dashboard de Seguimiento de Reclutamiento
B3: ="Actualizado al "&TEXT(DAY(TODAY()),"00")&"/"&TEXT(MONTH(TODAY()),"00")&"/"&YEAR(TODAY())&" | Datos sintéticos de demostración" -> Actualizado al 16/10/2026 | Datos sintéticos de demostración
B5: Total Candidatos Activos | F5: Entrevistas agendadas (hoy o futuras) | J5: Acciones Vencidas (Atención Requerida) | N5: Documentación Pendiente
B6: =COUNTIFS(CANDIDATOS!$A$2:$A$1000,"<>",CANDIDATOS!$E$2:$E$1000,"<>Descartado",CANDIDATOS!$E$2:$E$1000,"<>Retirado",CANDIDATOS!$E$2:$E$1000,"<>Contratado",CANDIDATOS!$G$2:$G$1000,"<>Datos Erróneos",CANDIDATOS!$G$2:$G$1000,"<>No Contesta (Intento 3 - Final)") -> 12 | F6: =COUNTIFS(CANDIDATOS!$E$2:$E$1000,"Entrevista Coordinada",CANDIDATOS!$H$2:$H$1000,">="&TODAY(),CANDIDATOS!$M$2:$M$1000,"<>Realizada",CANDIDATOS!$M$2:$M$1000,"<>Cancelada") -> 2 | J6: =COUNTIF(CANDIDATOS!$L$2:$L$1000,"VENCIDO") -> 2 | N6: =COUNTIFS(CANDIDATOS!$I$2:$I$1000,"Pendiente*",CANDIDATOS!$E$2:$E$1000,"<>Descartado",CANDIDATOS!$E$2:$E$1000,"<>Retirado",CANDIDATOS!$E$2:$E$1000,"<>Contratado",CANDIDATOS!$G$2:$G$1000,"<>Datos Erróneos",CANDIDATOS!$G$2:$G$1000,"<>No Contesta (Intento 3 - Final)") -> 8
B8: Resumen de Estado por Etapa
B9: Etapa | C9: Candidatos | D9: % del total
B10: =PARAMETROS!A2 -> Recibido | C10: =COUNTIF(CANDIDATOS!E:E,B10) -> 2 | D10: =IF((COUNTA(CANDIDATOS!A:A)-1)=0,0,C10/(COUNTA(CANDIDATOS!A:A)-1)) -> 0.11111111
B11: =PARAMETROS!A3 -> Contacto Pendiente | C11: =COUNTIF(CANDIDATOS!E:E,B11) -> 5 | D11: =IF((COUNTA(CANDIDATOS!A:A)-1)=0,0,C11/(COUNTA(CANDIDATOS!A:A)-1)) -> 0.27777778
B12: =PARAMETROS!A4 -> Filtro Telefónico | C12: =COUNTIF(CANDIDATOS!E:E,B12) -> 2 | D12: =IF((COUNTA(CANDIDATOS!A:A)-1)=0,0,C12/(COUNTA(CANDIDATOS!A:A)-1)) -> 0.11111111
B13: =PARAMETROS!A5 -> Entrevista Coordinada | C13: =COUNTIF(CANDIDATOS!E:E,B13) -> 3 | D13: =IF((COUNTA(CANDIDATOS!A:A)-1)=0,0,C13/(COUNTA(CANDIDATOS!A:A)-1)) -> 0.16666667
B14: =PARAMETROS!A6 -> En Evaluación | C14: =COUNTIF(CANDIDATOS!E:E,B14) -> 1 | D14: =IF((COUNTA(CANDIDATOS!A:A)-1)=0,0,C14/(COUNTA(CANDIDATOS!A:A)-1)) -> 0.055555556
B15: =PARAMETROS!A7 -> Seleccionado | C15: =COUNTIF(CANDIDATOS!E:E,B15) -> 1 | D15: =IF((COUNTA(CANDIDATOS!A:A)-1)=0,0,C15/(COUNTA(CANDIDATOS!A:A)-1)) -> 0.055555556
B16: =PARAMETROS!A8 -> Contratado | C16: =COUNTIF(CANDIDATOS!E:E,B16) -> 1 | D16: =IF((COUNTA(CANDIDATOS!A:A)-1)=0,0,C16/(COUNTA(CANDIDATOS!A:A)-1)) -> 0.055555556
B17: =PARAMETROS!A9 -> Descartado | C17: =COUNTIF(CANDIDATOS!E:E,B17) -> 2 | D17: =IF((COUNTA(CANDIDATOS!A:A)-1)=0,0,C17/(COUNTA(CANDIDATOS!A:A)-1)) -> 0.11111111
B18: =PARAMETROS!A10 -> Retirado | C18: =COUNTIF(CANDIDATOS!E:E,B18) -> 1 | D18: =IF((COUNTA(CANDIDATOS!A:A)-1)=0,0,C18/(COUNTA(CANDIDATOS!A:A)-1)) -> 0.055555556
B19: Total | C19: =SUM(C10:C18) -> 18 | D19: =SUM(D10:D18) -> 1
B22: Rendimiento por Portal de Empleo
B23: Portal | C23: Candidatos | D23: % del total
B24: =PARAMETROS!D2 -> Trabajando.cl | C24: =COUNTIF(CANDIDATOS!C:C,B24) -> 4 | D24: =IF((COUNTA(CANDIDATOS!A:A)-1)=0,0,C24/(COUNTA(CANDIDATOS!A:A)-1)) -> 0.22222222
B25: =PARAMETROS!D3 -> Laborum | C25: =COUNTIF(CANDIDATOS!C:C,B25) -> 4 | D25: =IF((COUNTA(CANDIDATOS!A:A)-1)=0,0,C25/(COUNTA(CANDIDATOS!A:A)-1)) -> 0.22222222
B26: =PARAMETROS!D4 -> LinkedIn | C26: =COUNTIF(CANDIDATOS!C:C,B26) -> 3 | D26: =IF((COUNTA(CANDIDATOS!A:A)-1)=0,0,C26/(COUNTA(CANDIDATOS!A:A)-1)) -> 0.16666667
B27: =PARAMETROS!D5 -> Computrabajo | C27: =COUNTIF(CANDIDATOS!C:C,B27) -> 3 | D27: =IF((COUNTA(CANDIDATOS!A:A)-1)=0,0,C27/(COUNTA(CANDIDATOS!A:A)-1)) -> 0.16666667
B28: =PARAMETROS!D6 -> Redes Sociales | C28: =COUNTIF(CANDIDATOS!C:C,B28) -> 2 | D28: =IF((COUNTA(CANDIDATOS!A:A)-1)=0,0,C28/(COUNTA(CANDIDATOS!A:A)-1)) -> 0.11111111
B29: =PARAMETROS!D7 -> Referido | C29: =COUNTIF(CANDIDATOS!C:C,B29) -> 2 | D29: =IF((COUNTA(CANDIDATOS!A:A)-1)=0,0,C29/(COUNTA(CANDIDATOS!A:A)-1)) -> 0.11111111
B30: Total | C30: =SUM(C24:C29) -> 18 | D30: =SUM(D24:D29) -> 1
B32: ="▲ Plataforma que más aporta: "&INDEX(B24:B29,MATCH(MAX(C24:C29),C24:C29,0))&" ("&MAX(C24:C29)&" candidatos, "&ROUND(MAX(D24:D29)*100,0)&"% del total)" -> ▲ Plataforma que más aporta: Trabajando.cl (4 candidatos, 22% del total)
B34: ALERTA: entrevistas pasadas sin actualizar
B35: =COUNTIFS(CANDIDATOS!$E$2:$E$1000,"Entrevista Coordinada",CANDIDATOS!$H$2:$H$1000,"<"&TODAY(),CANDIDATOS!$H$2:$H$1000,">0",CANDIDATOS!$M$2:$M$1000,"<>Realizada",CANDIDATOS!$M$2:$M$1000,"<>Cancelada") -> 1
B36: Para ubicar el caso: abre CANDIDATOS y busca las filas resaltadas en rojo.
B37: → Ir a CANDIDATOS y revisar columnas H y M

Sheet PRUEBAS
A1: ID | B1: Prueba | C1: Configuración / acción | D1: Resultado esperado | E1: Cómo verificar | F1: Estado de prueba
A2: CP-01 | B2: Acción futura | C2: Candidatura activa; próxima acción = HOY()+1 | D2: Estado_Accion = En Plazo | E2: Ver columna L en la fila de prueba | F2: Preparada; ejecutar en Excel
A3: CP-02 | B3: Acción vencida | C3: Candidatura activa; próxima acción = HOY()-2 | D3: Estado_Accion = VENCIDO y resaltado rojo | E3: Ver columna L y formato condicional | F3: Preparada; ejecutar en Excel
A4: CP-03 | B4: Etapa cerrada | C4: Etapa = Descartado y acción vencida | D4: Estado_Accion = Cerrado | E4: Ver columna L | F4: Preparada; ejecutar en Excel
A5: CP-04 | B5: Entrevista futura | C5: Etapa = Entrevista Coordinada; fecha = HOY()+3; estado Confirmada | D5: Cuenta en entrevistas agendadas | E5: Comparar KPI antes/después | F5: Preparada; ejecutar en Excel
A6: CP-05 | B6: Entrevista pasada sin actualizar | C6: Etapa = Entrevista Coordinada; fecha = HOY()-1; estado pendiente | D6: Cuenta en control de entrevistas pasadas y fecha resaltada | E6: Ver dashboard B35 y formato de H | F6: Preparada; ejecutar en Excel
A7: CP-06 | B7: Documentación pendiente | C7: Estado_Doc = Pendiente Crítica; candidatura activa | D7: Cuenta en KPI de documentación pendiente | E7: Comparar KPI antes/después | F7: Preparada; ejecutar en Excel
A8: CP-07 | B8: Fecha de acción vacía | C8: Candidatura activa; K vacía | D8: Estado_Accion = Sin Fecha Programada | E8: Ver columna L | F8: Preparada; ejecutar en Excel
A9: CP-08 | B9: ID duplicado | C9: Copiar un ID existente en otra fila | D9: Ambas celdas de ID quedan resaltadas | E9: Ver columna A | F9: Preparada; ejecutar en Excel
A10: CP-09 | B10: Vacante cubierta sin fecha de cierre | C10: Estado_Vacante = Cubierta; Fecha_Cierre vacía | D10: Dias_Abierta = Revisar fecha cierre | E10: Ver columna H en VACANTES | F10: Preparada; ejecutar en Excel
A11: CP-10 | B11: Vacante cancelada | C11: Estado_Vacante = Cancelada | D11: Dias_Abierta = Cancelada | E11: Ver columna H en VACANTES | F11: Preparada; ejecutar en Excel
A12: CP-11 | B12: Entrevista realizada | C12: Estado_Entrevista = Realizada | D12: No cuenta como agendada ni pendiente de actualizar | E12: Ver KPI y control de entrevistas | F12: Preparada; ejecutar en Excel
... A14: CP-13 | B14: Entrevista pasada sin resultado | C14: Etapa = Entrevista Coordinada; Fecha_Entrevista = HOY()-1; Estado_Entrevista = Pendiente de confirmación | D14: Control de entrevistas pasadas suma +1 | E14: Ver dashboard B35 y fila CND-018 | F14: Caso incluido en datos sintéticos; confirmar al abrir en Excel
